index;id;x;y;lote;quadra;idLote;idQuadra
1833;4772;255150;7241760;L3159;Q34;0;1
1859;4798;255195;7241790;L3159;Q34;0;1
1861;4800;255210;7241700;L3159;Q34;0;1
1884;4815;254970;7241550;L3170;Q34;1;1
1901;4831;255015;7241595;L3170;Q34;1;1
1903;138;254895;7241505;L3171;Q34;2;1
1904;129;254865;7241490;L3171;Q34;2;1
1905;130;254865;7241505;L3171;Q34;2;1
1906;131;254880;7241475;L3171;Q34;2;1
1907;132;254880;7241490;L3171;Q34;2;1
1908;133;254880;7241505;L3171;Q34;2;1
1909;134;254895;7241445;L3171;Q34;2;1
1910;135;254895;7241460;L3171;Q34;2;1
1911;136;254895;7241475;L3171;Q34;2;1
1912;137;254895;7241490;L3171;Q34;2;1
1913;139;254910;7241415;L3171;Q34;2;1
1914;140;254910;7241430;L3171;Q34;2;1
1915;141;254910;7241445;L3171;Q34;2;1
1916;142;254910;7241460;L3171;Q34;2;1
1917;143;254910;7241475;L3171;Q34;2;1
1918;144;254910;7241490;L3171;Q34;2;1
1919;145;254910;7241505;L3171;Q34;2;1
1920;146;254925;7241400;L3171;Q34;2;1
1921;147;254925;7241415;L3171;Q34;2;1
1922;148;254925;7241430;L3171;Q34;2;1
1923;149;254925;7241445;L3171;Q34;2;1
1924;150;254925;7241460;L3171;Q34;2;1
1925;151;254925;7241475;L3171;Q34;2;1
1926;152;254925;7241490;L3171;Q34;2;1
1927;153;254925;7241505;L3171;Q34;2;1
1928;154;254940;7241400;L3171;Q34;2;1
1929;155;254940;7241415;L3171;Q34;2;1
1930;156;254940;7241430;L3171;Q34;2;1
1931;157;254940;7241445;L3171;Q34;2;1
1932;158;254940;7241460;L3171;Q34;2;1
1933;159;254940;7241475;L3171;Q34;2;1
1934;160;254940;7241490;L3171;Q34;2;1
1935;161;254940;7241505;L3171;Q34;2;1
1936;162;254955;7241400;L3171;Q34;2;1
1937;163;254955;7241415;L3171;Q34;2;1
1938;164;254955;7241430;L3171;Q34;2;1
1939;165;254955;7241445;L3171;Q34;2;1
1940;166;254955;7241460;L3171;Q34;2;1
1941;167;254955;7241475;L3171;Q34;2;1
1942;168;254955;7241490;L3171;Q34;2;1
1943;169;254955;7241505;L3171;Q34;2;1
1944;170;254970;7241400;L3171;Q34;2;1
1945;171;254970;7241415;L3171;Q34;2;1
1946;172;254970;7241430;L3171;Q34;2;1
1947;173;254970;7241445;L3171;Q34;2;1
1948;174;254970;7241460;L3171;Q34;2;1
1949;175;254970;7241475;L3171;Q34;2;1
1950;176;254970;7241490;L3171;Q34;2;1
1951;177;254970;7241505;L3171;Q34;2;1
1952;178;254985;7241400;L3171;Q34;2;1
1953;179;254985;7241415;L3171;Q34;2;1
1954;180;254985;7241430;L3171;Q34;2;1
1955;181;254985;7241445;L3171;Q34;2;1
1956;182;254985;7241460;L3171;Q34;2;1
1957;183;254985;7241475;L3171;Q34;2;1
1958;184;254985;7241490;L3171;Q34;2;1
1959;185;254985;7241505;L3171;Q34;2;1
1960;186;255000;7241400;L3171;Q34;2;1
1961;187;255000;7241415;L3171;Q34;2;1
1962;188;255000;7241430;L3171;Q34;2;1
1963;189;255000;7241445;L3171;Q34;2;1
1964;190;255000;7241460;L3171;Q34;2;1
1965;191;255000;7241475;L3171;Q34;2;1
1966;192;255000;7241490;L3171;Q34;2;1
1967;193;255000;7241505;L3171;Q34;2;1
1968;194;255000;7241520;L3171;Q34;2;1
1969;195;255015;7241400;L3171;Q34;2;1
1970;196;255015;7241415;L3171;Q34;2;1
1971;197;255015;7241430;L3171;Q34;2;1
1972;198;255015;7241445;L3171;Q34;2;1
1973;199;255015;7241460;L3171;Q34;2;1
1974;200;255015;7241475;L3171;Q34;2;1
1975;201;255015;7241490;L3171;Q34;2;1
1976;202;255015;7241505;L3171;Q34;2;1
1977;203;255015;7241520;L3171;Q34;2;1
1988;1464;255075;7241685;L3189;Q34;3;1
1989;1463;255060;7241730;L3189;Q34;3;1
1991;1461;255060;7241700;L3189;Q34;3;1
2009;314;255195;7241640;L3190;Q34;4;1
2015;320;255210;7241610;L3190;Q34;4;1
2018;322;255210;7241640;L3190;Q34;4;1
2023;297;255165;7241625;L3190;Q34;4;1
2033;287;255150;7241595;L3190;Q34;4;1
2038;351;255195;7241445;L3191;Q34;5;1
2063;349;255195;7241415;L3191;Q34;5;1
2069;356;255195;7241520;L3191;Q34;5;1
2097;384;255180;7241295;L3192;Q34;6;1
2109;395;255195;7241340;L3192;Q34;6;1
2112;398;255210;7241265;L3192;Q34;6;1
2115;401;255210;7241310;L3192;Q34;6;1
2133;421;255165;7241220;L3193;Q34;7;1
2138;427;255180;7241190;L3193;Q34;7;1
2149;438;255195;7241235;L3193;Q34;7;1
2157;446;255210;7241235;L3193;Q34;7;1
2164;453;255225;7241220;L3193;Q34;7;1
2177;466;255060;7241595;L3194;Q34;8;1
2181;470;255060;7241655;L3194;Q34;8;1
2188;477;255075;7241640;L3194;Q34;8;1
2205;503;255045;7241520;L3195;Q34;9;1
2206;496;255045;7241415;L3195;Q34;9;1
2207;497;255045;7241430;L3195;Q34;9;1
2208;498;255045;7241445;L3195;Q34;9;1
2209;499;255045;7241460;L3195;Q34;9;1
2210;500;255045;7241475;L3195;Q34;9;1
2211;501;255045;7241490;L3195;Q34;9;1
2212;502;255045;7241505;L3195;Q34;9;1
2213;504;255060;7241415;L3195;Q34;9;1
2214;505;255060;7241430;L3195;Q34;9;1
2215;506;255060;7241445;L3195;Q34;9;1
2216;507;255060;7241460;L3195;Q34;9;1
2217;508;255060;7241475;L3195;Q34;9;1
2218;509;255060;7241490;L3195;Q34;9;1
2219;510;255060;7241505;L3195;Q34;9;1
2220;511;255060;7241520;L3195;Q34;9;1
2221;512;255075;7241415;L3195;Q34;9;1
2222;513;255075;7241430;L3195;Q34;9;1
2223;514;255075;7241445;L3195;Q34;9;1
2224;515;255075;7241460;L3195;Q34;9;1
2225;516;255075;7241475;L3195;Q34;9;1
2226;517;255075;7241490;L3195;Q34;9;1
2227;518;255075;7241505;L3195;Q34;9;1
2228;519;255075;7241520;L3195;Q34;9;1
2229;520;255090;7241415;L3195;Q34;9;1
2230;521;255090;7241430;L3195;Q34;9;1
2231;522;255090;7241445;L3195;Q34;9;1
2232;523;255090;7241460;L3195;Q34;9;1
2233;524;255090;7241475;L3195;Q34;9;1
2234;525;255090;7241490;L3195;Q34;9;1
2235;526;255090;7241505;L3195;Q34;9;1
2236;527;255090;7241520;L3195;Q34;9;1
2237;528;255105;7241415;L3195;Q34;9;1
2238;529;255105;7241430;L3195;Q34;9;1
2239;530;255105;7241445;L3195;Q34;9;1
2240;531;255105;7241460;L3195;Q34;9;1
2241;532;255105;7241475;L3195;Q34;9;1
2242;533;255105;7241490;L3195;Q34;9;1
2243;536;255120;7241415;L3195;Q34;9;1
2244;535;255105;7241520;L3195;Q34;9;1
2245;534;255105;7241505;L3195;Q34;9;1
2246;550;255060;7241325;L3196;Q34;10;1
2255;559;255075;7241340;L3196;Q34;10;1
2259;544;255045;7241355;L3196;Q34;10;1
2284;573;255105;7241310;L3196;Q34;10;1
2321;607;255075;7241190;L3197;Q34;11;1
2333;595;255060;7241130;L3197;Q34;11;1
2344;637;255255;7240785;L3202;Q34;12;1
2354;647;255270;7240815;L3202;Q34;12;1
2368;661;255300;7240785;L3202;Q34;12;1
2374;667;255315;7240755;L3202;Q34;12;1
2382;675;255330;7240755;L3202;Q34;12;1
2383;676;255330;7240770;L3202;Q34;12;1
2386;701;255285;7240920;L3203;Q34;13;1
2387;681;255255;7240860;L3203;Q34;13;1
2388;682;255255;7240875;L3203;Q34;13;1
2389;683;255255;7240890;L3203;Q34;13;1
2390;684;255255;7240905;L3203;Q34;13;1
2391;685;255255;7240920;L3203;Q34;13;1
2392;686;255255;7240935;L3203;Q34;13;1
2393;687;255255;7240950;L3203;Q34;13;1
2394;688;255255;7240965;L3203;Q34;13;1
2395;689;255270;7240860;L3203;Q34;13;1
2396;690;255270;7240875;L3203;Q34;13;1
2397;691;255270;7240890;L3203;Q34;13;1
2398;692;255270;7240905;L3203;Q34;13;1
2399;693;255270;7240920;L3203;Q34;13;1
2400;694;255270;7240935;L3203;Q34;13;1
2401;695;255270;7240950;L3203;Q34;13;1
2402;696;255270;7240965;L3203;Q34;13;1
2403;697;255285;7240860;L3203;Q34;13;1
2404;698;255285;7240875;L3203;Q34;13;1
2405;699;255285;7240890;L3203;Q34;13;1
2406;700;255285;7240905;L3203;Q34;13;1
2407;702;255285;7240935;L3203;Q34;13;1
2408;703;255285;7240950;L3203;Q34;13;1
2409;704;255285;7240965;L3203;Q34;13;1
2410;705;255300;7240860;L3203;Q34;13;1
2411;706;255300;7240875;L3203;Q34;13;1
2412;707;255300;7240890;L3203;Q34;13;1
2413;708;255300;7240905;L3203;Q34;13;1
2414;709;255300;7240920;L3203;Q34;13;1
2415;710;255300;7240935;L3203;Q34;13;1
2416;711;255300;7240950;L3203;Q34;13;1
2417;712;255300;7240965;L3203;Q34;13;1
2418;713;255315;7240860;L3203;Q34;13;1
2419;714;255315;7240875;L3203;Q34;13;1
2420;715;255315;7240890;L3203;Q34;13;1
2421;716;255315;7240905;L3203;Q34;13;1
2422;717;255315;7240920;L3203;Q34;13;1
2423;718;255315;7240935;L3203;Q34;13;1
2424;719;255315;7240950;L3203;Q34;13;1
2425;720;255315;7240965;L3203;Q34;13;1
2426;721;255330;7240860;L3203;Q34;13;1
2427;722;255330;7240875;L3203;Q34;13;1
2428;723;255330;7240890;L3203;Q34;13;1
2429;724;255330;7240905;L3203;Q34;13;1
2430;725;255330;7240920;L3203;Q34;13;1
2431;726;255330;7240935;L3203;Q34;13;1
2432;727;255330;7240950;L3203;Q34;13;1
2433;728;255330;7240965;L3203;Q34;13;1
2434;746;255285;7240995;L3204;Q34;14;1
2442;737;255255;7241100;L3204;Q34;14;1
2455;751;255285;7241070;L3204;Q34;14;1
2461;757;255300;7241040;L3204;Q34;14;1
2478;806;255315;7241160;L3205;Q34;15;1
2483;776;255255;7241190;L3205;Q34;15;1
2497;785;255270;7241205;L3205;Q34;15;1
2500;788;255285;7241130;L3205;Q34;15;1
2510;798;255300;7241160;L3205;Q34;15;1
2518;815;255255;7241310;L3206;Q34;16;1
2519;816;255255;7241325;L3206;Q34;16;1
2535;832;255285;7241325;L3206;Q34;16;1
2538;835;255285;7241370;L3206;Q34;16;1
2571;869;255255;7241520;L3207;Q34;17;1
2574;872;255270;7241445;L3207;Q34;17;1
2589;888;255300;7241445;L3207;Q34;17;1
2606;910;255240;7241655;L3208;Q34;18;1
2610;914;255255;7241595;L3208;Q34;18;1
2612;916;255255;7241625;L3208;Q34;18;1
2638;931;255285;7241610;L3208;Q34;18;1
2643;926;255270;7241655;L3208;Q34;18;1
2647;905;255240;7241580;L3208;Q34;18;1
2649;907;255240;7241610;L3208;Q34;18;1
2657;3758;255285;7241790;L3209;Q34;19;1
2660;3761;255300;7241715;L3209;Q34;19;1
2663;3764;255300;7241760;L3209;Q34;19;1
2668;3729;255240;7241715;L3209;Q34;19;1
2670;3731;255240;7241745;L3209;Q34;19;1
2690;3752;255285;7241700;L3209;Q34;19;1
2691;3194;255285;7241835;L3212;Q34;20;1
2692;3195;255300;7241835;L3212;Q34;20;1
2693;3196;255300;7241850;L3212;Q34;20;1
2694;1411;255360;7241760;L3288;Q34;21;1
2695;1399;255345;7241700;L3288;Q34;21;1
2696;1400;255345;7241715;L3288;Q34;21;1
2697;1401;255345;7241730;L3288;Q34;21;1
2698;1402;255345;7241745;L3288;Q34;21;1
2699;1403;255345;7241760;L3288;Q34;21;1
2700;1404;255345;7241775;L3288;Q34;21;1
2701;1405;255345;7241790;L3288;Q34;21;1
2702;1406;255345;7241805;L3288;Q34;21;1
2703;1407;255360;7241700;L3288;Q34;21;1
2704;1408;255360;7241715;L3288;Q34;21;1
2705;1409;255360;7241730;L3288;Q34;21;1
2706;1410;255360;7241745;L3288;Q34;21;1
2707;1429;255390;7241790;L3288;Q34;21;1
2708;1430;255390;7241805;L3288;Q34;21;1
2709;1431;255405;7241700;L3288;Q34;21;1
2710;1432;255405;7241715;L3288;Q34;21;1
2711;1433;255405;7241730;L3288;Q34;21;1
2712;1434;255405;7241745;L3288;Q34;21;1
2713;1435;255405;7241760;L3288;Q34;21;1
2714;1436;255405;7241775;L3288;Q34;21;1
2715;1437;255405;7241790;L3288;Q34;21;1
2716;1438;255405;7241805;L3288;Q34;21;1
2717;1427;255390;7241760;L3288;Q34;21;1
2718;1428;255390;7241775;L3288;Q34;21;1
2719;1426;255390;7241745;L3288;Q34;21;1
2720;1425;255390;7241730;L3288;Q34;21;1
2721;1424;255390;7241715;L3288;Q34;21;1
2722;1423;255390;7241700;L3288;Q34;21;1
2723;1422;255375;7241805;L3288;Q34;21;1
2724;1421;255375;7241790;L3288;Q34;21;1
2725;1420;255375;7241775;L3288;Q34;21;1
2726;1419;255375;7241760;L3288;Q34;21;1
2727;1418;255375;7241745;L3288;Q34;21;1
2728;1417;255375;7241730;L3288;Q34;21;1
2729;1416;255375;7241715;L3288;Q34;21;1
2730;1414;255360;7241805;L3288;Q34;21;1
2731;1415;255375;7241700;L3288;Q34;21;1
2732;1413;255360;7241790;L3288;Q34;21;1
2733;1412;255360;7241775;L3288;Q34;21;1
2751;18;255375;7241565;L3289;Q34;22;1
2753;20;255375;7241595;L3289;Q34;22;1
2757;24;255375;7241655;L3289;Q34;22;1
2793;1497;255375;7241475;L3290;Q34;23;1
2805;1485;255360;7241415;L3290;Q34;23;1
2814;1518;255345;7241280;L3291;Q34;24;1
2815;1562;255420;7241340;L3291;Q34;24;1
2816;1561;255420;7241325;L3291;Q34;24;1
2817;1560;255420;7241310;L3291;Q34;24;1
2818;1559;255420;7241295;L3291;Q34;24;1
2819;1558;255420;7241280;L3291;Q34;24;1
2820;1557;255405;7241385;L3291;Q34;24;1
2821;1556;255405;7241370;L3291;Q34;24;1
2822;1555;255405;7241355;L3291;Q34;24;1
2823;1554;255405;7241340;L3291;Q34;24;1
2824;1553;255405;7241325;L3291;Q34;24;1
2825;1552;255405;7241310;L3291;Q34;24;1
2826;1551;255405;7241295;L3291;Q34;24;1
2827;1550;255405;7241280;L3291;Q34;24;1
2828;1549;255390;7241385;L3291;Q34;24;1
2829;1548;255390;7241370;L3291;Q34;24;1
2830;1547;255390;7241355;L3291;Q34;24;1
2831;1546;255390;7241340;L3291;Q34;24;1
2832;1545;255390;7241325;L3291;Q34;24;1
2833;1544;255390;7241310;L3291;Q34;24;1
2834;1543;255390;7241295;L3291;Q34;24;1
2835;1542;255390;7241280;L3291;Q34;24;1
2836;1541;255375;7241385;L3291;Q34;24;1
2837;1540;255375;7241370;L3291;Q34;24;1
2838;1539;255375;7241355;L3291;Q34;24;1
2839;1538;255375;7241340;L3291;Q34;24;1
2840;1537;255375;7241325;L3291;Q34;24;1
2841;1536;255375;7241310;L3291;Q34;24;1
2842;1535;255375;7241295;L3291;Q34;24;1
2843;1534;255375;7241280;L3291;Q34;24;1
2844;1533;255360;7241385;L3291;Q34;24;1
2845;1532;255360;7241370;L3291;Q34;24;1
2846;1531;255360;7241355;L3291;Q34;24;1
2847;1530;255360;7241340;L3291;Q34;24;1
2848;1529;255360;7241325;L3291;Q34;24;1
2849;1528;255360;7241310;L3291;Q34;24;1
2850;1527;255360;7241295;L3291;Q34;24;1
2851;1526;255360;7241280;L3291;Q34;24;1
2852;1525;255345;7241385;L3291;Q34;24;1
2853;1524;255345;7241370;L3291;Q34;24;1
2854;1523;255345;7241355;L3291;Q34;24;1
2855;1522;255345;7241340;L3291;Q34;24;1
2856;1521;255345;7241325;L3291;Q34;24;1
2857;1520;255345;7241310;L3291;Q34;24;1
2858;1519;255345;7241295;L3291;Q34;24;1
2860;1597;255420;7241145;L3292;Q34;25;1
2861;1596;255420;7241130;L3292;Q34;25;1
2870;1576;255375;7241190;L3292;Q34;25;1
2879;1567;255360;7241175;L3292;Q34;25;1
2885;1587;255390;7241235;L3292;Q34;25;1
2900;1609;255360;7241055;L3293;Q34;26;1
2905;1612;255360;7241100;L3293;Q34;26;1
2910;1636;255405;7241100;L3293;Q34;26;1
2915;1641;255420;7241055;L3293;Q34;26;1
2926;1625;255390;7241055;L3293;Q34;26;1
2931;1619;255375;7241085;L3293;Q34;26;1
2933;1617;255375;7241055;L3293;Q34;26;1
2940;88;255360;7240860;L3294;Q34;27;1
2941;89;255360;7240875;L3294;Q34;27;1
2946;94;255360;7240950;L3294;Q34;27;1
2949;97;255375;7240875;L3294;Q34;27;1
2953;101;255375;7240935;L3294;Q34;27;1
2962;110;255390;7240950;L3294;Q34;27;1
2986;3210;255375;7240770;L3295;Q34;28;1
2987;3211;255375;7240785;L3295;Q34;28;1
3015;3199;255360;7240725;L3295;Q34;28;1
3016;3200;255360;7240740;L3295;Q34;28;1
3027;2752;255390;7241910;L5175;Q34;29;1
3039;2740;255375;7241835;L5175;Q34;29;1
3041;2738;255360;7241895;L5175;Q34;29;1
3064;232;255480;7242150;L3183;Q36;0;2
3084;212;255435;7242225;L3183;Q36;0;2
3098;976;255480;7242075;L3213;Q36;1;2
3100;974;255480;7242045;L3213;Q36;1;2
3116;957;255435;7242060;L3213;Q36;1;2
3119;954;255435;7242015;L3213;Q36;1;2
3122;2845;255495;7242000;L3237;Q36;2;2
3123;2843;255480;7241985;L3237;Q36;2;2
3124;2844;255495;7241985;L3237;Q36;2;2
3135;1035;255465;7241895;L3238;Q36;3;2
3142;1059;255510;7241895;L3238;Q36;3;2
3143;1058;255510;7241880;L3238;Q36;3;2
3150;1051;255495;7241895;L3238;Q36;3;2
3152;1026;255450;7241880;L3238;Q36;3;2
3158;1044;255480;7241910;L3238;Q36;3;2
3184;1096;255600;7241865;L3239;Q36;4;2
3188;1100;255600;7241925;L3239;Q36;4;2
3199;1071;255555;7241850;L3239;Q36;4;2
3228;1119;255660;7241940;L3279;Q36;5;2
3231;1142;255705;7241940;L3279;Q36;5;2
3233;1103;255630;7241940;L3279;Q36;5;2
3236;1106;255645;7241865;L3279;Q36;5;2
3237;1107;255645;7241880;L3279;Q36;5;2
3240;1110;255645;7241925;L3279;Q36;5;2
3243;1113;255660;7241850;L3279;Q36;5;2
3250;1137;255705;7241865;L3279;Q36;5;2
3251;1136;255705;7241850;L3279;Q36;5;2
3252;1172;255675;7242030;L3280;Q36;6;2
3253;1173;255675;7242045;L3280;Q36;6;2
3254;1174;255675;7242060;L3280;Q36;6;2
3255;1175;255675;7242075;L3280;Q36;6;2
3256;1176;255675;7242090;L3280;Q36;6;2
3257;1177;255690;7241985;L3280;Q36;6;2
3258;1178;255690;7242000;L3280;Q36;6;2
3259;1179;255690;7242015;L3280;Q36;6;2
3260;1180;255690;7242030;L3280;Q36;6;2
3261;1181;255690;7242045;L3280;Q36;6;2
3262;1182;255690;7242060;L3280;Q36;6;2
3263;1183;255690;7242075;L3280;Q36;6;2
3264;1184;255690;7242090;L3280;Q36;6;2
3265;1185;255705;7241985;L3280;Q36;6;2
3266;1186;255705;7242000;L3280;Q36;6;2
3267;1187;255705;7242015;L3280;Q36;6;2
3268;1188;255705;7242030;L3280;Q36;6;2
3269;1189;255705;7242045;L3280;Q36;6;2
3270;1190;255705;7242060;L3280;Q36;6;2
3271;1191;255705;7242075;L3280;Q36;6;2
3272;1192;255705;7242090;L3280;Q36;6;2
3273;1145;255630;7241985;L3280;Q36;6;2
3274;1146;255630;7242000;L3280;Q36;6;2
3275;1147;255630;7242015;L3280;Q36;6;2
3276;1148;255630;7242030;L3280;Q36;6;2
3277;1149;255630;7242045;L3280;Q36;6;2
3278;1150;255630;7242060;L3280;Q36;6;2
3279;1151;255630;7242075;L3280;Q36;6;2
3280;1152;255630;7242090;L3280;Q36;6;2
3281;1153;255645;7241985;L3280;Q36;6;2
3282;1154;255645;7242000;L3280;Q36;6;2
3283;1155;255645;7242015;L3280;Q36;6;2
3284;1156;255645;7242030;L3280;Q36;6;2
3285;1157;255645;7242045;L3280;Q36;6;2
3286;1158;255645;7242060;L3280;Q36;6;2
3287;1159;255645;7242075;L3280;Q36;6;2
3288;1160;255645;7242090;L3280;Q36;6;2
3289;1161;255660;7241985;L3280;Q36;6;2
3290;1162;255660;7242000;L3280;Q36;6;2
3291;1163;255660;7242015;L3280;Q36;6;2
3292;1164;255660;7242030;L3280;Q36;6;2
3293;1165;255660;7242045;L3280;Q36;6;2
3294;1166;255660;7242060;L3280;Q36;6;2
3295;1167;255660;7242075;L3280;Q36;6;2
3296;1168;255660;7242090;L3280;Q36;6;2
3297;1169;255675;7241985;L3280;Q36;6;2
3298;1170;255675;7242000;L3280;Q36;6;2
3299;1171;255675;7242015;L3280;Q36;6;2
3301;1219;255795;7241985;L3282;Q36;7;2
3347;1247;255765;7241940;L3283;Q36;8;2
3356;1256;255780;7241955;L3283;Q36;8;2
3366;1266;255810;7241865;L3283;Q36;8;2
3389;1299;255780;7241805;L3284;Q36;9;2
3390;1298;255780;7241790;L3284;Q36;9;2
3403;1273;255735;7241775;L3284;Q36;9;2
3404;1274;255735;7241790;L3284;Q36;9;2
3413;1285;255765;7241715;L3284;Q36;9;2
3415;1275;255735;7241805;L3284;Q36;9;2
3420;1328;255660;7241745;L3285;Q36;10;2
3450;1338;255675;7241775;L3285;Q36;10;2
3471;1392;255600;7241730;L3286;Q36;11;2
3473;1394;255600;7241760;L3286;Q36;11;2
3474;1395;255600;7241775;L3286;Q36;11;2
3475;1396;255600;7241790;L3286;Q36;11;2
3480;1361;255540;7241745;L3286;Q36;11;2
3493;1374;255570;7241700;L3286;Q36;11;2
3508;2811;255465;7241715;L3287;Q36;12;2
3525;2795;255435;7241715;L3287;Q36;12;2
3527;2841;255510;7241805;L3287;Q36;12;2
3538;2829;255495;7241745;L3287;Q36;12;2
3551;3263;255495;7240815;L3296;Q36;13;2
3563;3275;255525;7240755;L3296;Q36;13;2
3577;3247;255465;7240815;L3296;Q36;13;2
3580;3250;255480;7240740;L3296;Q36;13;2
3586;3256;255480;7240830;L3296;Q36;13;2
3596;1651;255450;7240935;L3297;Q36;14;2
3598;1653;255450;7240965;L3297;Q36;14;2
3607;1662;255480;7240860;L3297;Q36;14;2
3624;1679;255510;7240875;L3297;Q36;14;2
3631;1686;255525;7240860;L3297;Q36;14;2
3653;1728;255510;7241010;L3298;Q36;15;2
3660;1721;255495;7241025;L3298;Q36;15;2
3697;3522;255615;7241595;L3299;Q36;16;2
3723;3500;255570;7241625;L3299;Q36;16;2
3745;1759;255570;7241475;L3300;Q36;17;2
3757;1771;255600;7241415;L3300;Q36;17;2
3762;1776;255600;7241490;L3300;Q36;17;2
3778;1829;255510;7241655;L3301;Q36;18;2
3797;1811;255480;7241625;L3301;Q36;18;2
3804;1804;255465;7241640;L3301;Q36;18;2
3812;1796;255450;7241640;L3301;Q36;18;2
3817;1790;255435;7241655;L3301;Q36;18;2
3818;1789;255435;7241640;L3301;Q36;18;2
3823;1869;255510;7241490;L3302;Q36;19;2
3826;1866;255510;7241445;L3302;Q36;19;2
3829;1863;255495;7241520;L3302;Q36;19;2
3837;1855;255480;7241520;L3302;Q36;19;2
3840;1852;255480;7241475;L3302;Q36;19;2
3845;1847;255465;7241520;L3302;Q36;19;2
3856;1835;255450;7241460;L3302;Q36;19;2
3858;1833;255450;7241430;L3302;Q36;19;2
3865;1881;255465;7241280;L3303;Q36;20;2
3875;1888;255465;7241385;L3303;Q36;20;2
3904;1917;255525;7241340;L3303;Q36;20;2
3907;1920;255525;7241385;L3303;Q36;20;2
3921;1933;255555;7241340;L3303;Q36;20;2
3924;1936;255555;7241385;L3303;Q36;20;2
3929;1941;255570;7241340;L3303;Q36;20;2
3945;1957;255600;7241340;L3303;Q36;20;2
3956;2010;255525;7241160;L3304;Q36;21;2
3957;1970;255450;7241130;L3304;Q36;21;2
3958;1971;255450;7241145;L3304;Q36;21;2
3959;1972;255450;7241160;L3304;Q36;21;2
3960;1973;255450;7241175;L3304;Q36;21;2
3961;1974;255450;7241190;L3304;Q36;21;2
3962;1975;255450;7241205;L3304;Q36;21;2
3963;1976;255450;7241220;L3304;Q36;21;2
3964;1977;255450;7241235;L3304;Q36;21;2
3965;1978;255465;7241130;L3304;Q36;21;2
3966;1979;255465;7241145;L3304;Q36;21;2
3967;1980;255465;7241160;L3304;Q36;21;2
3968;1981;255465;7241175;L3304;Q36;21;2
3969;1982;255465;7241190;L3304;Q36;21;2
3970;1983;255465;7241205;L3304;Q36;21;2
3971;1984;255465;7241220;L3304;Q36;21;2
3972;1985;255465;7241235;L3304;Q36;21;2
3973;1986;255480;7241130;L3304;Q36;21;2
3974;1987;255480;7241145;L3304;Q36;21;2
3975;1988;255480;7241160;L3304;Q36;21;2
3976;1989;255480;7241175;L3304;Q36;21;2
3977;1990;255480;7241190;L3304;Q36;21;2
3978;1991;255480;7241205;L3304;Q36;21;2
3979;1992;255480;7241220;L3304;Q36;21;2
3980;1993;255480;7241235;L3304;Q36;21;2
3981;1994;255495;7241145;L3304;Q36;21;2
3982;1995;255495;7241160;L3304;Q36;21;2
3983;1996;255495;7241175;L3304;Q36;21;2
3984;1997;255495;7241190;L3304;Q36;21;2
3985;1998;255495;7241205;L3304;Q36;21;2
3986;1999;255495;7241220;L3304;Q36;21;2
3987;2000;255495;7241235;L3304;Q36;21;2
3988;2001;255510;7241145;L3304;Q36;21;2
3989;2002;255510;7241160;L3304;Q36;21;2
3990;2003;255510;7241175;L3304;Q36;21;2
3991;2004;255510;7241190;L3304;Q36;21;2
3992;2005;255510;7241205;L3304;Q36;21;2
3993;2006;255510;7241220;L3304;Q36;21;2
3994;2007;255510;7241235;L3304;Q36;21;2
3995;2008;255510;7241250;L3304;Q36;21;2
3996;2009;255525;7241145;L3304;Q36;21;2
3997;2011;255525;7241175;L3304;Q36;21;2
3998;2012;255525;7241190;L3304;Q36;21;2
3999;2013;255525;7241205;L3304;Q36;21;2
4000;2014;255525;7241220;L3304;Q36;21;2
4010;2024;255570;7241145;L3305;Q36;22;2
4024;2039;255585;7241250;L3305;Q36;22;2
4026;2041;255600;7241160;L3305;Q36;22;2
4031;2046;255600;7241235;L3305;Q36;22;2
4036;2051;255615;7241190;L3305;Q36;22;2
4040;2055;255615;7241250;L3305;Q36;22;2
4041;2094;255615;7241070;L3306;Q36;23;2
4042;2057;255555;7240995;L3306;Q36;23;2
4043;2058;255555;7241010;L3306;Q36;23;2
4044;2059;255555;7241025;L3306;Q36;23;2
4045;2060;255555;7241040;L3306;Q36;23;2
4046;2061;255555;7241055;L3306;Q36;23;2
4047;2062;255555;7241070;L3306;Q36;23;2
4048;2063;255555;7241085;L3306;Q36;23;2
4049;2064;255555;7241100;L3306;Q36;23;2
4050;2065;255570;7240995;L3306;Q36;23;2
4051;2066;255570;7241010;L3306;Q36;23;2
4052;2067;255570;7241025;L3306;Q36;23;2
4053;2068;255570;7241040;L3306;Q36;23;2
4054;2069;255570;7241055;L3306;Q36;23;2
4055;2070;255570;7241070;L3306;Q36;23;2
4056;2071;255570;7241085;L3306;Q36;23;2
4057;2072;255570;7241100;L3306;Q36;23;2
4058;2073;255585;7240995;L3306;Q36;23;2
4059;2074;255585;7241010;L3306;Q36;23;2
4060;2075;255585;7241025;L3306;Q36;23;2
4061;2095;255615;7241085;L3306;Q36;23;2
4062;2076;255585;7241040;L3306;Q36;23;2
4063;2077;255585;7241055;L3306;Q36;23;2
4064;2078;255585;7241070;L3306;Q36;23;2
4065;2079;255585;7241085;L3306;Q36;23;2
4066;2080;255585;7241100;L3306;Q36;23;2
4067;2081;255600;7240995;L3306;Q36;23;2
4068;2082;255600;7241010;L3306;Q36;23;2
4069;2083;255600;7241025;L3306;Q36;23;2
4070;2084;255600;7241040;L3306;Q36;23;2
4071;2085;255600;7241055;L3306;Q36;23;2
4072;2086;255600;7241070;L3306;Q36;23;2
4073;2087;255600;7241085;L3306;Q36;23;2
4074;2088;255600;7241100;L3306;Q36;23;2
4075;2089;255615;7240995;L3306;Q36;23;2
4076;2090;255615;7241010;L3306;Q36;23;2
4077;2091;255615;7241025;L3306;Q36;23;2
4078;2096;255615;7241100;L3306;Q36;23;2
4079;2092;255615;7241040;L3306;Q36;23;2
4080;2093;255615;7241055;L3306;Q36;23;2
4095;2111;255570;7240935;L3307;Q36;24;2
4098;2114;255585;7240860;L3307;Q36;24;2
4121;2138;255630;7240860;L3307;Q36;24;2
4130;2158;255585;7240755;L3308;Q36;25;2
4131;2157;255585;7240740;L3308;Q36;25;2
4133;2155;255570;7240830;L3308;Q36;25;2
4137;2151;255570;7240770;L3308;Q36;25;2
4143;2185;255630;7240800;L3308;Q36;25;2
4158;2171;255600;7240830;L3308;Q36;25;2
4159;2170;255600;7240815;L3308;Q36;25;2
4165;2164;255600;7240725;L3308;Q36;25;2
4171;2213;255690;7241565;L3309;Q36;26;2
4180;2222;255705;7241580;L3309;Q36;26;2
4214;2255;255690;7241430;L3310;Q36;27;2
4215;2256;255690;7241445;L3310;Q36;27;2
4229;2266;255705;7241475;L3310;Q36;27;2
4241;2240;255660;7241445;L3310;Q36;27;2
4246;2245;255660;7241520;L3310;Q36;27;2
4250;2249;255675;7241460;L3310;Q36;27;2
4253;2309;255705;7241340;L3311;Q36;28;2
4259;2315;255720;7241310;L3311;Q36;28;2
4271;2302;255690;7241355;L3311;Q36;28;2
4277;2295;255675;7241370;L3311;Q36;28;2
4280;2291;255675;7241310;L3311;Q36;28;2
4303;2327;255660;7241160;L3312;Q36;29;2
4311;2363;255720;7241220;L3312;Q36;29;2
4336;2338;255675;7241205;L3312;Q36;29;2
4363;2388;255690;7241070;L3313;Q36;30;2
4364;2387;255690;7241055;L3313;Q36;30;2
4365;2386;255690;7241040;L3313;Q36;30;2
4367;2384;255690;7241010;L3313;Q36;30;2
4368;2383;255690;7240995;L3313;Q36;30;2
4391;4869;255720;7240890;L3314;Q36;31;2
4403;4856;255690;7240935;L3314;Q36;31;2
4406;4853;255690;7240890;L3314;Q36;31;2
4421;4838;255660;7240905;L3314;Q36;31;2
4439;64;255690;7240815;L3315;Q36;32;2
4440;80;255720;7240815;L3315;Q36;32;2
4449;76;255720;7240755;L3315;Q36;32;2
4452;79;255720;7240800;L3315;Q36;32;2
4458;50;255675;7240725;L3315;Q36;32;2
4470;2413;255750;7241625;L3316;Q36;33;2
4487;2419;255765;7241595;L3316;Q36;33;2
4495;2427;255780;7241595;L3316;Q36;33;2
4507;2439;255795;7241655;L3316;Q36;33;2
4515;2486;255810;7241490;L3317;Q36;34;2
4530;2461;255765;7241475;L3317;Q36;34;2
4535;2466;255780;7241430;L3317;Q36;34;2
4536;2467;255780;7241445;L3317;Q36;34;2
4559;2518;255795;7241325;L3318;Q36;35;2
4575;2534;255825;7241325;L3318;Q36;35;2
4585;2497;255750;7241370;L3318;Q36;35;2
4595;2507;255780;7241280;L3318;Q36;35;2
4612;2554;255765;7241235;L3319;Q36;36;2
4619;2544;255750;7241205;L3319;Q36;36;2
4628;2574;255810;7241175;L3319;Q36;36;2
4647;2589;255750;7241010;L3320;Q36;37;2
4654;2597;255765;7241010;L3320;Q36;37;2
4672;2615;255795;7241040;L3320;Q36;37;2
4687;2630;255825;7241025;L3320;Q36;37;2
4688;2631;255825;7241040;L3320;Q36;37;2
4691;2634;255825;7241085;L3320;Q36;37;2
4708;2642;255765;7240920;L3321;Q36;38;2
4710;2644;255765;7240950;L3321;Q36;38;2
4718;2665;255810;7240905;L3321;Q36;38;2
4722;2669;255810;7240965;L3321;Q36;38;2
4730;2656;255795;7240890;L3321;Q36;38;2
4736;2696;255795;7240740;L3322;Q36;39;2
4764;2713;255825;7240755;L3322;Q36;39;2
4773;2704;255810;7240740;L3322;Q36;39;2
4778;2699;255795;7240785;L3322;Q36;39;2
4784;2788;255600;7242015;L5178;Q36;40;2
4798;2764;255540;7242030;L5178;Q36;40;2
4815;3176;255540;7242120;L5252;Q36;41;2
4829;4905;255180;7241865;L3160;Q37;0;3
4830;4898;255150;7241850;L3160;Q37;0;3
4831;4897;255150;7241835;L3160;Q37;0;3
4832;4896;255135;7241865;L3160;Q37;0;3
4833;4895;255135;7241850;L3160;Q37;0;3
4834;4894;255135;7241835;L3160;Q37;0;3
4835;4899;255150;7241865;L3160;Q37;0;3
4836;4900;255165;7241835;L3160;Q37;0;3
4837;4901;255165;7241850;L3160;Q37;0;3
4838;4902;255165;7241865;L3160;Q37;0;3
4839;4903;255180;7241835;L3160;Q37;0;3
4840;4904;255180;7241850;L3160;Q37;0;3
4841;4906;255195;7241835;L3160;Q37;0;3
4842;4907;255195;7241850;L3160;Q37;0;3
4843;4908;255195;7241865;L3160;Q37;0;3
4844;4909;255210;7241835;L3160;Q37;0;3
4845;4910;255210;7241850;L3160;Q37;0;3
4846;4911;255210;7241865;L3160;Q37;0;3
4858;4927;255180;7241925;L3161;Q37;1;3
4864;4921;255165;7241895;L3161;Q37;1;3
4866;255;255075;7241895;L3186;Q37;2;3
4867;256;255075;7241910;L3186;Q37;2;3
4868;257;255075;7241925;L3186;Q37;2;3
4869;259;255090;7241895;L3186;Q37;2;3
4870;258;255075;7241940;L3186;Q37;2;3
4871;260;255090;7241910;L3186;Q37;2;3
4872;246;255030;7241925;L3186;Q37;2;3
4873;245;255030;7241910;L3186;Q37;2;3
4874;244;255030;7241895;L3186;Q37;2;3
4875;261;255090;7241925;L3186;Q37;2;3
4876;262;255090;7241940;L3186;Q37;2;3
4877;263;255105;7241895;L3186;Q37;2;3
4878;264;255105;7241910;L3186;Q37;2;3
4879;265;255105;7241925;L3186;Q37;2;3
4880;266;255105;7241940;L3186;Q37;2;3
4881;247;255045;7241895;L3186;Q37;2;3
4882;248;255045;7241910;L3186;Q37;2;3
4883;249;255045;7241925;L3186;Q37;2;3
4884;250;255045;7241940;L3186;Q37;2;3
4885;251;255060;7241895;L3186;Q37;2;3
4886;252;255060;7241910;L3186;Q37;2;3
4887;253;255060;7241925;L3186;Q37;2;3
4888;254;255060;7241940;L3186;Q37;2;3
4895;1450;255090;7241850;L3187;Q37;3;3
4898;1447;255075;7241850;L3187;Q37;3;3
4912;274;255075;7241760;L3188;Q37;4;3
4918;280;255105;7241760;L3188;Q37;4;3
4928;1003;255270;7241940;L3221;Q37;5;3
4933;998;255270;7241865;L3221;Q37;5;3
4940;994;255255;7241895;L3221;Q37;5;3
4948;986;255240;7241880;L3221;Q37;5;3
